{
  "train": {
    "1": {
      "w_neg": 1.0,
      "w_pos": 6.918951858622791
    },
    "5": {
      "w_neg": 1.0,
      "w_pos": 5.792995295347621
    },
    "10": {
      "w_neg": 1.0,
      "w_pos": 4.7678650687971595
    }
  },
  "val": {
    "1": {
      "w_neg": 1.0,
      "w_pos": 6.968421052631578
    },
    "5": {
      "w_neg": 1.0,
      "w_pos": 6.074766355140187
    },
    "10": {
      "w_neg": 1.0,
      "w_pos": 5.204918032786885
    }
  },
  "test": {
    "1": {
      "w_neg": 1.0,
      "w_pos": 6.884488448844886
    },
    "5": {
      "w_neg": 1.0,
      "w_pos": 5.806267806267806
    },
    "10": {
      "w_neg": 1.0,
      "w_pos": 4.81265206812652
    }
  }
}